id,accounttype,currency,date,description,amount,debit,label
23385,Savings,EUR,2019-01-17 12:00:00,Salary Credit,250.00,false,Salary or Wages (Main)
23386,Savings,EUR,2019-01-18 12:00:00,Unplanned O/D,300.00,false,Bank charges
23388,Savings,EUR,2019-01-20 12:00:00,Monthly Interset,25.00,true,Mobile
23389,Savings,EUR,2019-01-21 12:00:00,IB transfer,2.00,false,Transfers
23390,Savings,EUR,2019-01-22 12:00:00,IB transfer,75.00,false,Transfers
23391,Savings,EUR,2019-01-23 12:00:00,IB transfer,20.00,true,Transfers
23392,Savings,EUR,2019-01-24 12:00:00,Cheque # 172365,22.00,false,Transfers
23393,Savings,EUR,2019-01-25 12:00:00,Salary Credit,33.00,false,Salary or Wages (Main)
23394,Savings,EUR,2019-01-26 12:00:00,Euro Cheque deposit,200.00,false,Transfers
23397,Savings,EUR,2019-01-29 12:00:00,Correction by bank,195.00,false,Cash
23398,Savings,EUR,2019-01-30 12:00:00,Money Transfer,17.00,false,Transfers
23400,Savings,EUR,2019-02-01 12:00:00,IB transfer,2.00,false,Transfers
23401,Savings,EUR,2019-02-02 12:00:00,Monthly Interset,55.00,false,Transfers
23403,Savings,EUR,2019-02-04 12:00:00,Cheque # 172365,16.00,false,Transfers
23404,Savings,EUR,2019-02-05 12:00:00,Credited ,2.00,false,Transfers
23405,Savings,EUR,2019-02-06 12:00:00,Credited ,9.00,false,Transfers
23406,Savings,EUR,2019-02-07 12:00:00,Credited ,70.00,false,Transfers
23408,Savings,EUR,2019-02-09 12:00:00,Grocery,6.00,false,"Food, Groceries, Household"
23409,Savings,EUR,2019-02-10 12:00:00,Savings,534.00,true,Saving (general)
23410,Savings,EUR,2019-02-11 12:00:00,Salary Credit,250.00,false,Salary or Wages (Main)
23411,Savings,EUR,2019-02-12 12:00:00,Unplanned O/D,300.00,false,Bank charges
23413,Savings,EUR,2019-02-14 12:00:00,Monthly Interset,25.00,true,Mobile
23414,Savings,EUR,2019-02-15 12:00:00,IB transfer,2.00,false,Transfers
23415,Savings,EUR,2019-02-16 12:00:00,IB transfer,75.00,false,Transfers
23416,Savings,EUR,2019-02-17 12:00:00,IB transfer,20.00,true,Transfers
23417,Savings,EUR,2019-02-18 12:00:00,Cheque # 172365,22.00,false,Transfers
23418,Savings,EUR,2019-02-19 12:00:00,Salary Credit,33.00,false,Salary or Wages (Main)
23419,Savings,EUR,2019-02-20 12:00:00,Euro Cheque deposit,200.00,false,Transfers
23422,Savings,EUR,2019-02-23 12:00:00,Correction by bank,195.00,false,Cash
23423,Savings,EUR,2019-02-24 12:00:00,Money Transfer,17.00,false,Transfers
23425,Savings,EUR,2019-02-26 12:00:00,IB transfer,2.00,false,Transfers
23426,Savings,EUR,2019-02-27 12:00:00,Monthly Interset,55.00,false,Transfers
23427,Savings,EUR,2019-02-28 12:00:00,Cheque # 172365,16.00,false,Transfers
23429,Savings,EUR,2019-03-01 12:00:00,Credited ,2.00,false,Transfers
23430,Savings,EUR,2019-03-02 12:00:00,Credited ,9.00,false,Transfers
23431,Savings,EUR,2019-03-03 12:00:00,Credited ,70.00,false,Transfers
23433,Savings,EUR,2019-03-05 12:00:00,Grocery,6.00,false,"Food, Groceries, Household"
23434,Savings,EUR,2019-03-06 12:00:00,Savings,1220.00,true,Saving (general)
23435,Savings,EUR,2019-03-07 12:00:00,Salary Credit,12.00,false,Salary or Wages (Main)
23436,Savings,EUR,2019-03-08 12:00:00,Unplanned O/D,30.00,false,Bank charges
23438,Savings,EUR,2019-03-10 12:00:00,Monthly Interset,25.00,true,Mobile
23439,Savings,EUR,2019-03-11 12:00:00,IB transfer,2.00,false,Transfers
23440,Savings,EUR,2019-03-12 12:00:00,IB transfer,75.00,false,Transfers
23441,Savings,EUR,2019-03-13 12:00:00,IB transfer,20.00,true,Transfers
23442,Savings,EUR,2019-03-14 12:00:00,Cheque # 172365,22.00,false,Transfers
23443,Savings,EUR,2019-03-15 12:00:00,Salary Credit,33.00,false,Salary or Wages (Main)
23444,Savings,EUR,2019-03-16 12:00:00,Euro Cheque deposit,20.00,false,Transfers
23447,Savings,EUR,2019-03-19 12:00:00,Correction by bank,15.00,false,Cash
23448,Savings,EUR,2019-03-20 12:00:00,Money Transfer,17.00,false,Transfers
23450,Savings,EUR,2019-03-22 12:00:00,IB transfer,2.00,false,Transfers
23451,Savings,EUR,2019-03-23 12:00:00,Monthly Interset,55.00,false,Transfers
23453,Savings,EUR,2019-03-25 12:00:00,Cheque # 172365,16.00,false,Transfers
23454,Savings,EUR,2019-03-26 12:00:00,Credited ,2.00,false,Transfers
23455,Savings,EUR,2019-03-27 12:00:00,Credited ,9.00,false,Transfers
23456,Savings,EUR,2019-03-28 12:00:00,Credited ,70.00,false,Transfers
23458,Savings,EUR,2019-03-30 12:00:00,Grocery,6.00,false,"Food, Groceries, Household"
23459,Savings,EUR,2019-03-31 12:00:00,Savings,1200.00,true,Saving (general)
23460,Savings,EUR,2019-04-01 12:00:00,Salary Credit,12.00,false,Salary or Wages (Main)
23461,Savings,EUR,2019-04-02 12:00:00,Unplanned O/D,30.00,false,Bank charges
23463,Savings,EUR,2019-04-04 12:00:00,Monthly Interset,25.00,true,Mobile
23464,Savings,EUR,2019-04-05 12:00:00,IB transfer,2.00,false,Transfers
23465,Savings,EUR,2019-04-06 12:00:00,IB transfer,75.00,false,Transfers
23466,Savings,EUR,2019-04-07 12:00:00,IB transfer,20.00,true,Transfers
23467,Savings,EUR,2019-04-08 12:00:00,Cheque # 172365,22.00,false,Transfers
23468,Savings,EUR,2019-04-09 12:00:00,Salary Credit,33.00,false,Salary or Wages (Main)
23469,Savings,EUR,2019-04-10 12:00:00,Euro Cheque deposit,20.00,false,Transfers
23472,Savings,EUR,2019-04-13 12:00:00,Correction by bank,15.00,false,Cash
23473,Savings,EUR,2019-04-14 12:00:00,Money Transfer,17.00,false,Transfers
23475,Savings,EUR,2019-04-16 12:00:00,IB transfer,2.00,false,Transfers
23476,Savings,EUR,2019-04-17 12:00:00,Monthly Interset,55.00,false,Transfers
23478,Savings,EUR,2019-04-19 12:00:00,Cheque # 172365,16.00,false,Transfers
23479,Savings,EUR,2019-04-20 12:00:00,Credited ,2.00,false,Transfers
23480,Savings,EUR,2019-04-21 12:00:00,Credited ,9.00,false,Transfers
23481,Savings,EUR,2019-04-22 12:00:00,Credited ,70.00,false,Transfers
23483,Savings,EUR,2019-04-24 12:00:00,Grocery,6.00,false,"Food, Groceries, Household"
23484,Savings,EUR,2019-04-25 12:00:00,Savings,320.00,true,Saving (general)
23485,Savings,EUR,2019-04-26 12:00:00,Salary Credit,12.00,false,Salary or Wages (Main)
23486,Savings,EUR,2019-04-27 12:00:00,Unplanned O/D,30.00,false,Bank charges
23488,Savings,EUR,2019-04-29 12:00:00,Monthly Interset,25.00,true,Mobile
23489,Savings,EUR,2019-04-30 12:00:00,IB transfer,2.00,false,Transfers
23490,Savings,EUR,2019-05-01 12:00:00,IB transfer,75.00,false,Transfers
23491,Savings,EUR,2019-05-02 12:00:00,IB transfer,20.00,true,Transfers
23492,Savings,EUR,2019-05-03 12:00:00,Cheque # 172365,22.00,false,Transfers
23493,Savings,EUR,2019-05-04 12:00:00,Salary Credit,33.00,false,Salary or Wages (Main)
23494,Savings,EUR,2019-05-05 12:00:00,Euro Cheque deposit,20.00,false,Transfers
23497,Savings,EUR,2019-05-08 12:00:00,Correction by bank,15.00,false,Cash
23498,Savings,EUR,2019-05-09 12:00:00,Money Transfer,17.00,false,Transfers
23500,Savings,EUR,2019-05-11 12:00:00,IB transfer,2.00,false,Transfers
23501,Savings,EUR,2019-05-12 12:00:00,Monthly Interset,55.00,false,Transfers
23503,Savings,EUR,2019-05-14 12:00:00,Cheque # 172365,16.00,false,Transfers
23504,Savings,EUR,2019-05-15 12:00:00,Credited ,2.00,false,Transfers
23505,Savings,EUR,2019-05-16 12:00:00,Credited ,9.00,false,Transfers
23506,Savings,EUR,2019-05-17 12:00:00,Credited ,70.00,false,Transfers
23508,Savings,EUR,2019-05-19 12:00:00,Grocery,6.00,false,"Food, Groceries, Household"
23509,Savings,EUR,2019-05-20 12:00:00,Savings,230.00,true,Saving (general)
23510,Savings,EUR,2019-05-21 12:00:00,Salary Credit,12.00,false,Salary or Wages (Main)
23511,Savings,EUR,2019-05-22 12:00:00,Unplanned O/D,30.00,false,Bank charges
23513,Savings,EUR,2019-05-24 12:00:00,Monthly Interset,25.00,true,Mobile
23514,Savings,EUR,2019-05-25 12:00:00,IB transfer,2.00,false,Transfers
23515,Savings,EUR,2019-05-26 12:00:00,IB transfer,75.00,false,Transfers
23516,Savings,EUR,2019-05-27 12:00:00,IB transfer,20.00,true,Transfers
23517,Savings,EUR,2019-05-28 12:00:00,Cheque # 172365,22.00,false,Transfers
23518,Savings,EUR,2019-05-29 12:00:00,Salary Credit,33.00,false,Salary or Wages (Main)
23519,Savings,EUR,2019-05-30 12:00:00,Euro Cheque deposit,20.00,false,Transfers
23522,Savings,EUR,2019-06-02 12:00:00,Correction by bank,15.00,false,Cash
23523,Savings,EUR,2019-06-03 12:00:00,Money Transfer,17.00,false,Transfers
23525,Savings,EUR,2019-06-05 12:00:00,IB transfer,2.00,false,Transfers
23526,Savings,EUR,2019-06-06 12:00:00,Monthly Interset,55.00,false,Transfers
23528,Savings,EUR,2019-06-08 12:00:00,Cheque # 172365,16.00,false,Transfers
23529,Savings,EUR,2019-06-09 12:00:00,Credited ,2.00,false,Transfers
23530,Savings,EUR,2019-06-10 12:00:00,Credited ,9.00,false,Transfers
23531,Savings,EUR,2019-06-11 12:00:00,Credited ,70.00,false,Transfers
23533,Savings,EUR,2019-06-13 12:00:00,Grocery,6.00,false,"Food, Groceries, Household"
23534,Savings,EUR,2019-06-14 12:00:00,Savings,1178.00,true,Saving (general)
23535,Savings,EUR,2019-09-04 12:00:00,FEE,100.00,false,Transfers
23536,CreditCard,EUR,2019-03-04 12:00:00,INTEREST,29.86,true,Interest charges
23537,CreditCard,EUR,2019-03-29 12:00:00,DIRECT DEBIT PAYMENT - THANK YOU,77.67,false,Credit Card
23538,CreditCard,EUR,2019-04-04 12:00:00,INTEREST,32.20,true,Interest charges
23539,CreditCard,EUR,2019-07-11 12:00:00,SALE,10.00,true,Transfers
23540,CreditCard,EUR,2019-07-11 12:00:00,PAYMENT RECEIVED - THANK YOU,10.00,false,Credit Card
23541,CreditCard,EUR,2019-07-11 12:00:00,PAYMENT RECEIVED - THANK YOU,10.00,false,Credit Card
23542,CreditCard,EUR,2019-07-11 12:00:00,SALE,10.00,true,Transfers
23543,CreditCard,EUR,2019-07-11 12:00:00,PAYMENT RECEIVED - THANK YOU,10.00,false,Credit Card
23544,CreditCard,EUR,2019-07-11 12:00:00,SALE,10.00,true,Transfers
23545,CreditCard,EUR,2019-07-11 12:00:00,PAYMENT RECEIVED - THANK YOU,10.00,false,Credit Card
23546,CreditCard,EUR,2019-07-11 12:00:00,SALE,10.00,true,Transfers
23547,CreditCard,EUR,2019-07-11 12:00:00,SALE,10.00,true,Transfers
23548,CreditCard,EUR,2019-07-11 12:00:00,SALE,10.00,true,Transfers
23549,CreditCard,EUR,2019-07-11 12:00:00,SALE,20.00,true,Transfers
23550,CreditCard,EUR,2019-07-11 12:00:00,PAYMENT RECEIVED - THANK YOU,10.00,false,Credit Card
23551,CreditCard,EUR,2019-07-11 12:00:00,SALE,10.00,true,Transfers
23552,CreditCard,EUR,2019-07-11 12:00:00,PAYMENT RECEIVED - THANK YOU,10.00,false,Credit Card
23553,CreditCard,EUR,2019-07-11 12:00:00,SALE,10.00,true,Transfers
23554,CreditCard,EUR,2019-07-11 12:00:00,PAYMENT RECEIVED - THANK YOU,10.00,false,Credit Card
23555,CreditCard,EUR,2019-07-11 12:00:00,SALE,10.00,true,Transfers
23556,CreditCard,EUR,2019-07-11 12:00:00,PAYMENT RECEIVED - THANK YOU,10.00,false,Credit Card
23557,CreditCard,EUR,2019-07-11 12:00:00,SALE,10.00,true,Transfers
23558,CreditCard,EUR,2019-07-11 12:00:00,SALE,10.00,true,Transfers
23559,CreditCard,EUR,2019-07-11 12:00:00,SALE,10.00,true,Transfers
23560,CreditCard,EUR,2019-07-11 12:00:00,SALE,20.00,true,Transfers
23561,CreditCard,EUR,2019-07-11 12:00:00,PAYMENT RECEIVED - THANK YOU,10.00,false,Credit Card
23562,CreditCard,EUR,2019-07-11 12:00:00,SALE,10.00,true,Transfers
23563,CreditCard,EUR,2019-07-11 12:00:00,PAYMENT RECEIVED - THANK YOU,10.00,false,Credit Card
23564,CreditCard,EUR,2019-07-11 12:00:00,SALE,10.00,true,Transfers
23565,CreditCard,EUR,2019-07-11 12:00:00,PAYMENT RECEIVED - THANK YOU,10.00,false,Credit Card
23566,CreditCard,EUR,2019-07-11 12:00:00,SALE,10.00,true,Transfers
23567,CreditCard,EUR,2019-07-11 12:00:00,PAYMENT RECEIVED - THANK YOU,10.00,false,Credit Card
23568,CreditCard,EUR,2019-07-11 12:00:00,SALE,10.00,true,Transfers
23569,CreditCard,EUR,2019-07-11 12:00:00,SALE,10.00,true,Transfers
23570,CreditCard,EUR,2019-07-11 12:00:00,SALE,10.00,true,Transfers
23571,CreditCard,EUR,2019-07-11 12:00:00,SALE,20.00,true,Transfers
23572,CreditCard,EUR,2019-07-11 12:00:00,PAYMENT RECEIVED - THANK YOU,10.00,false,Credit Card
23573,CreditCard,EUR,2019-07-11 12:00:00,SALE,10.00,true,Transfers
23574,CreditCard,EUR,2019-07-11 12:00:00,PAYMENT RECEIVED - THANK YOU,10.00,false,Credit Card
23575,CreditCard,EUR,2019-07-11 12:00:00,SALE,10.00,true,Transfers
23576,CreditCard,EUR,2019-07-11 12:00:00,PAYMENT RECEIVED - THANK YOU,10.00,false,Credit Card
23577,CreditCard,EUR,2019-07-11 12:00:00,SALE,10.00,true,Transfers
23578,CreditCard,EUR,2019-07-11 12:00:00,PAYMENT RECEIVED - THANK YOU,10.00,false,Credit Card
23579,CreditCard,EUR,2019-07-11 12:00:00,SALE,10.00,true,Transfers
23580,CreditCard,EUR,2019-07-11 12:00:00,SALE,10.00,true,Transfers
23581,CreditCard,EUR,2019-07-11 12:00:00,SALE,10.00,true,Transfers
23582,CreditCard,EUR,2019-07-11 12:00:00,SALE,20.00,true,Transfers
23583,CreditCard,EUR,2019-07-11 12:00:00,PAYMENT RECEIVED - THANK YOU,10.00,false,Credit Card
23584,CreditCard,EUR,2019-07-11 12:00:00,SALE,10.00,true,Transfers
23585,CreditCard,EUR,2019-07-11 12:00:00,PAYMENT RECEIVED - THANK YOU,10.00,false,Credit Card
23586,CreditCard,EUR,2019-07-11 12:00:00,SALE,10.00,true,Transfers
23587,CreditCard,EUR,2019-07-11 12:00:00,PAYMENT RECEIVED - THANK YOU,10.00,false,Credit Card
23588,CreditCard,EUR,2019-07-11 12:00:00,SALE,10.00,true,Transfers
23589,CreditCard,EUR,2019-07-11 12:00:00,SALE,20.00,true,Transfers
23590,CreditCard,EUR,2019-07-11 12:00:00,PAYMENT RECEIVED - THANK YOU,10.00,false,Credit Card
23591,CreditCard,EUR,2019-07-11 12:00:00,SALE,10.00,true,Transfers
23592,CreditCard,EUR,2019-07-11 12:00:00,SALE,10.00,true,Transfers
23593,CreditCard,EUR,2019-07-11 12:00:00,SALE,20.00,true,Transfers
23594,CreditCard,EUR,2019-07-11 12:00:00,PAYMENT RECEIVED - THANK YOU,10.00,false,Credit Card
23595,CreditCard,EUR,2019-07-11 12:00:00,SALE,10.00,true,Transfers
23596,CreditCard,EUR,2019-07-11 12:00:00,PAYMENT RECEIVED - THANK YOU,10.00,false,Credit Card
23597,CreditCard,EUR,2019-07-11 12:00:00,SALE,10.00,true,Transfers
23598,CreditCard,EUR,2019-07-11 12:00:00,PAYMENT RECEIVED - THANK YOU,10.00,false,Credit Card
23599,CreditCard,EUR,2019-07-11 12:00:00,SALE,10.00,true,Transfers
23600,CreditCard,EUR,2019-07-11 12:00:00,PAYMENT RECEIVED - THANK YOU,10.00,false,Credit Card
23601,CreditCard,EUR,2019-07-11 12:00:00,SALE,10.00,true,Transfers
23602,CreditCard,EUR,2019-07-11 12:00:00,SALE,10.00,true,Transfers
23603,CreditCard,EUR,2019-07-11 12:00:00,SALE,10.00,true,Transfers
23604,CreditCard,EUR,2019-07-11 12:00:00,SALE,20.00,true,Transfers
23605,CreditCard,EUR,2019-07-11 12:00:00,PAYMENT RECEIVED - THANK YOU,10.00,false,Credit Card
23606,CreditCard,EUR,2019-07-11 12:00:00,SALE,10.00,true,Transfers
23607,CreditCard,EUR,2019-07-11 12:00:00,PAYMENT RECEIVED - THANK YOU,10.00,false,Credit Card
23608,CreditCard,EUR,2019-07-11 12:00:00,SALE,10.00,true,Transfers
23609,CreditCard,EUR,2019-07-11 12:00:00,PAYMENT RECEIVED - THANK YOU,10.00,false,Credit Card
23610,CreditCard,EUR,2019-07-11 12:00:00,SALE,10.00,true,Transfers
23611,CreditCard,EUR,2019-07-11 12:00:00,PAYMENT RECEIVED - THANK YOU,10.00,false,Credit Card
23612,CreditCard,EUR,2019-07-11 12:00:00,SALE,10.00,true,Transfers
23613,CreditCard,EUR,2019-07-11 12:00:00,SALE,20.00,true,Transfers
23614,CreditCard,EUR,2019-07-11 12:00:00,SALE,10.00,true,Transfers
23615,CreditCard,EUR,2019-07-11 12:00:00,SALE,20.00,true,Transfers
23616,CreditCard,EUR,2019-07-11 12:00:00,PAYMENT RECEIVED - THANK YOU,10.00,false,Credit Card
23617,CreditCard,EUR,2019-07-11 12:00:00,SALE,20.00,true,Transfers
23618,CreditCard,EUR,2019-07-11 12:00:00,PAYMENT RECEIVED - THANK YOU,10.00,false,Credit Card
23619,CreditCard,EUR,2019-07-11 12:00:00,SALE,20.00,true,Transfers
23620,CreditCard,EUR,2019-07-11 12:00:00,PAYMENT RECEIVED - THANK YOU,10.00,false,Credit Card
23621,CreditCard,EUR,2019-07-11 12:00:00,SALE,20.00,true,Transfers
23622,CreditCard,EUR,2019-07-11 12:00:00,PAYMENT RECEIVED - THANK YOU,10.00,false,Credit Card
23623,CreditCard,EUR,2019-07-11 12:00:00,SALE,20.00,true,Transfers
23624,CreditCard,EUR,2019-07-11 12:00:00,SALE,20.00,true,Transfers
23625,CreditCard,EUR,2019-07-11 12:00:00,SALE,20.00,true,Transfers
23626,CreditCard,EUR,2019-07-11 12:00:00,SALE,20.00,true,Transfers
23627,CreditCard,EUR,2019-07-11 12:00:00,PAYMENT RECEIVED - THANK YOU,10.00,false,Credit Card
23628,CreditCard,EUR,2019-07-11 12:00:00,SALE,20.00,true,Transfers
23629,CreditCard,EUR,2019-07-11 12:00:00,PAYMENT RECEIVED - THANK YOU,10.00,false,Credit Card
23630,CreditCard,EUR,2019-07-11 12:00:00,SALE,20.00,true,Transfers
23631,CreditCard,EUR,2019-07-11 12:00:00,PAYMENT RECEIVED - THANK YOU,10.00,false,Credit Card
23632,CreditCard,EUR,2019-07-11 12:00:00,SALE,20.00,true,Transfers
23633,CreditCard,EUR,2019-07-11 12:00:00,PAYMENT RECEIVED - THANK YOU,10.00,false,Credit Card
23634,CreditCard,EUR,2019-07-11 12:00:00,SALE,20.00,true,Transfers
23635,CreditCard,EUR,2019-07-11 12:00:00,SALE,20.00,true,Transfers
23636,CreditCard,EUR,2019-07-11 12:00:00,SALE,20.00,true,Transfers
23637,CreditCard,EUR,2019-07-11 12:00:00,PAYMENT RECEIVED - THANK YOU,10.00,false,Credit Card
23638,CreditCard,EUR,2019-07-11 12:00:00,SALE,20.00,true,Transfers
23639,CreditCard,EUR,2019-07-11 12:00:00,INTEREST ADJUSTMENT,1.64,false,Interest income
23640,CreditCard,EUR,2019-07-11 12:00:00,PAYMENT RECEIVED - THANK YOU,10.00,false,Credit Card
23641,CreditCard,EUR,2019-07-11 12:00:00,PAYMENT RECEIVED - THANK YOU,10.00,false,Credit Card
23642,CreditCard,EUR,2019-07-11 12:00:00,SALE,20.00,true,Transfers
23643,CreditCard,EUR,2019-07-11 12:00:00,PAYMENT RECEIVED - THANK YOU,10.00,false,Credit Card
23644,CreditCard,EUR,2019-07-11 12:00:00,SALE,20.00,true,Transfers
23645,CreditCard,EUR,2019-07-11 12:00:00,SALE,20.00,true,Transfers
23646,CreditCard,EUR,2019-07-11 12:00:00,SALE,20.00,true,Transfers
23647,CreditCard,EUR,2019-07-11 12:00:00,PAYMENT RECEIVED - THANK YOU,20.00,false,Credit Card
23648,CreditCard,EUR,2019-07-11 12:00:00,SALE,20.00,true,Transfers
23649,CreditCard,EUR,2019-07-11 12:00:00,SALE,20.00,true,Transfers
23650,CreditCard,EUR,2019-07-11 12:00:00,SALE,20.00,true,Transfers
23651,CreditCard,EUR,2019-07-11 12:00:00,SALE,20.00,true,Transfers
23652,CreditCard,EUR,2019-07-11 12:00:00,SALE,20.00,true,Transfers
23653,CreditCard,EUR,2019-07-11 12:00:00,SALE,20.00,true,Transfers
23654,CreditCard,EUR,2019-07-11 12:00:00,SALE,20.00,true,Transfers
23655,CreditCard,EUR,2019-07-11 12:00:00,SALE,20.00,true,Transfers
23656,CreditCard,EUR,2019-07-11 12:00:00,SALE,20.00,true,Transfers
23657,CreditCard,EUR,2019-07-11 12:00:00,SALE,20.00,true,Transfers
23658,CreditCard,EUR,2019-07-11 12:00:00,SALE,20.00,true,Transfers
23659,CreditCard,EUR,2019-07-11 12:00:00,SALE,20.00,true,Transfers
23660,CreditCard,EUR,2019-07-11 12:00:00,PAYMENT RECEIVED - THANK YOU,3125.03,false,Credit Card
23661,CreditCard,EUR,2019-07-11 12:00:00,INTEREST ADJUSTMENT,1.66,false,Interest income
23662,CreditCard,EUR,2019-07-11 12:00:00,INTEREST ADJUSTMENT,1.65,false,Interest income
23663,CreditCard,EUR,2019-07-11 12:00:00,INTEREST ADJUSTMENT,1.65,false,Interest income
23664,CreditCard,EUR,2019-07-11 12:00:00,SALE,20.00,true,Transfers
23665,CreditCard,EUR,2019-07-11 12:00:00,INTEREST ADJUSTMENT,1.50,false,Interest income
23666,CreditCard,EUR,2019-07-11 12:00:00,INTEREST ADJUSTMENT,1.50,false,Interest income
23667,CreditCard,EUR,2019-07-11 12:00:00,INTEREST ADJUSTMENT,1.49,false,Interest income
23668,CreditCard,EUR,2019-07-11 12:00:00,INTEREST ADJUSTMENT,1.49,false,Interest income
23669,CreditCard,EUR,2019-07-11 12:00:00,INTEREST ADJUSTMENT,1.35,false,Interest income
23670,CreditCard,EUR,2019-07-11 12:00:00,INTEREST ADJUSTMENT,1.35,false,Interest income
23671,CreditCard,EUR,2019-07-11 12:00:00,INTEREST ADJUSTMENT,1.34,false,Interest income
23672,CreditCard,EUR,2019-07-11 12:00:00,INTEREST ADJUSTMENT,1.34,false,Interest income
23673,CreditCard,EUR,2019-07-11 12:00:00,INTEREST ADJUSTMENT,1.20,false,Interest income
23674,CreditCard,EUR,2019-07-11 12:00:00,INTEREST ADJUSTMENT,1.19,false,Interest income
23675,CreditCard,EUR,2019-07-11 12:00:00,INTEREST ADJUSTMENT,1.19,false,Interest income
23676,CreditCard,EUR,2019-07-11 12:00:00,INTEREST ADJUSTMENT,1.18,false,Interest income
23677,CreditCard,EUR,2019-07-11 12:00:00,INTEREST ADJUSTMENT,1.05,false,Interest income
23678,CreditCard,EUR,2019-07-11 12:00:00,INTEREST ADJUSTMENT,1.04,false,Interest income
23679,CreditCard,EUR,2019-07-11 12:00:00,INTEREST ADJUSTMENT,1.04,false,Interest income
23680,CreditCard,EUR,2019-07-11 12:00:00,INTEREST ADJUSTMENT,1.03,false,Interest income
23681,CreditCard,EUR,2019-07-11 12:00:00,INTEREST ADJUSTMENT,0.89,false,Interest income
23682,CreditCard,EUR,2019-07-11 12:00:00,INTEREST ADJUSTMENT,0.89,false,Interest income
23683,CreditCard,EUR,2019-07-11 12:00:00,INTEREST ADJUSTMENT,0.88,false,Interest income
23684,CreditCard,EUR,2019-07-11 12:00:00,INTEREST ADJUSTMENT,0.88,false,Interest income
23685,CreditCard,EUR,2019-07-11 12:00:00,INTEREST ADJUSTMENT,0.74,false,Interest income
23686,CreditCard,EUR,2019-07-11 12:00:00,INTEREST ADJUSTMENT,0.73,false,Interest income
23687,CreditCard,EUR,2019-07-11 12:00:00,INTEREST ADJUSTMENT,0.73,false,Interest income
23688,CreditCard,EUR,2019-07-11 12:00:00,INTEREST ADJUSTMENT,0.72,false,Interest income
23689,CreditCard,EUR,2019-07-11 12:00:00,INTEREST ADJUSTMENT,0.29,false,Interest income
23690,CreditCard,EUR,2019-07-11 12:00:00,INTEREST ADJUSTMENT,0.59,false,Interest income
23691,CreditCard,EUR,2019-07-11 12:00:00,INTEREST ADJUSTMENT,0.58,false,Interest income
23692,CreditCard,EUR,2019-07-11 12:00:00,INTEREST ADJUSTMENT,0.44,false,Interest income
23693,CreditCard,EUR,2019-07-11 12:00:00,INTEREST ADJUSTMENT,0.44,false,Interest income
23694,CreditCard,EUR,2019-07-11 12:00:00,INTEREST ADJUSTMENT,0.43,false,Interest income
23695,CreditCard,EUR,2019-07-11 12:00:00,INTEREST ADJUSTMENT,0.43,false,Interest income
23696,CreditCard,EUR,2019-07-11 12:00:00,INTEREST ADJUSTMENT,0.59,false,Interest income
23697,CreditCard,EUR,2019-07-11 12:00:00,INTEREST ADJUSTMENT,0.29,false,Interest income
23698,CreditCard,EUR,2019-07-11 12:00:00,INTEREST ADJUSTMENT,0.28,false,Interest income
23699,CreditCard,EUR,2019-07-11 12:00:00,INTEREST ADJUSTMENT,0.28,false,Interest income
23700,CreditCard,EUR,2019-07-11 12:00:00,INTEREST ADJUSTMENT,0.27,false,Interest income
23701,CreditCard,EUR,2019-07-11 12:00:00,INTEREST ADJUSTMENT,0.60,false,Interest income
23702,CreditCard,EUR,2019-08-11 12:00:00,INTEREST,17.92,true,Interest charges
23703,CurrentAccount,EUR,2019-02-15 12:00:00,DR1,100.00,true,Transfers
23919,Savings,EUR,2019-01-16 12:00:00,Salary Credit,250.00,false,Salary or Wages (Main)
23920,Savings,EUR,2019-01-17 12:00:00,Unplanned O/D,300.00,false,Bank charges
23922,Savings,EUR,2019-01-19 12:00:00,Monthly Interset,25.00,true,Mobile
23923,Savings,EUR,2019-01-20 12:00:00,IB transfer,2.00,false,Transfers
23924,Savings,EUR,2019-02-21 12:00:00,IB transfer,75.00,false,Transfers
23925,Savings,EUR,2019-02-22 12:00:00,IB transfer,20.00,true,Transfers
23926,Savings,EUR,2019-02-23 12:00:00,Savings,599.00,true,Saving (general)
23927,CreditCard,EUR,2019-07-11 12:00:00,PAYMENT RECEIVED - THANK YOU,10.00,false,Credit Card
23928,CreditCard,EUR,2019-07-11 12:00:00,SALE,10.00,true,Transfers
23929,CreditCard,EUR,2019-07-11 12:00:00,PAYMENT RECEIVED - THANK YOU,20.00,false,Credit Card
23930,CreditCard,EUR,2019-07-11 12:00:00,SALE,20.00,true,Transfers
23931,CreditCard,EUR,2019-07-11 12:00:00,PAYMENT RECEIVED - THANK YOU,30.00,false,Credit Card
23932,CreditCard,EUR,2019-07-11 12:00:00,SALE,30.00,true,Transfers
23933,CreditCard,EUR,2019-07-11 12:00:00,PAYMENT RECEIVED - THANK YOU,40.00,false,Credit Card
23934,CreditCard,EUR,2019-07-11 12:00:00,SALE,40.00,true,Transfers
23935,CreditCard,EUR,2019-07-11 12:00:00,PAYMENT RECEIVED - THANK YOU,50.00,false,Credit Card
23936,CreditCard,EUR,2019-07-11 12:00:00,SALE,50.00,true,Transfers
23937,CurrentAccount,EUR,2018-01-02 12:00:00,Salary Credit,250.00,false,Salary or Wages (Main)
23938,CurrentAccount,EUR,2018-02-03 12:00:00,Unplanned O/D,20.00,true,Bank charges
23940,CurrentAccount,EUR,2018-04-08 12:00:00,Monthly Interset,25.00,true,Mobile
23941,CurrentAccount,EUR,2018-05-10 12:00:00,Savings,222.00,true,Saving (general)
23942,CurrentAccount,EUR,2019-02-14 12:00:00,FEE,200.00,false,Transfers
23943,CurrentAccount,EUR,2019-08-30 12:00:00,POWERBILL9,9.00,true,Transfers
23944,CurrentAccount,EUR,2019-08-30 12:00:00,POWERBILL8,8.00,true,Transfers
23945,CurrentAccount,EUR,2019-08-30 12:00:00,POWERBILL7,7.00,true,Transfers
23946,CurrentAccount,EUR,2019-08-30 12:00:00,POWERBILL6,6.00,true,Transfers
23947,CurrentAccount,EUR,2019-08-30 12:00:00,POWERBILL5,5.00,true,Transfers
23948,Savings,EUR,2019-07-24 12:00:00,DR1,10.00,true,Transfers
23949,CurrentAccount,EUR,2019-02-14 12:00:00,Savings,25.00,false,Savings (general)
23950,CurrentAccount,EUR,2019-02-14 12:00:00,Grocery,6.00,true,"Food, Groceries, Household"
23952,CurrentAccount,EUR,2019-02-14 12:00:00,Credited ,15.00,false,Transfers
23953,CurrentAccount,EUR,2019-02-14 12:00:00,Credited ,12.00,false,Transfers
23954,CurrentAccount,EUR,2019-02-14 12:00:00,Credited ,10.00,false,Transfers
23955,CurrentAccount,EUR,2019-02-14 12:00:00,Cheque,2.00,false,Transfers
23957,CurrentAccount,EUR,2019-02-14 12:00:00,Monthly Interset,6.00,false,Transfers
23958,CurrentAccount,EUR,2019-02-14 12:00:00,IB transfer,5.00,false,Transfers
23960,CurrentAccount,EUR,2019-02-14 12:00:00,Money Transfer,4.00,false,Transfers
23961,CurrentAccount,EUR,2019-02-14 12:00:00,Correction by bank,12.00,true,Cash
23964,CurrentAccount,EUR,2019-02-14 12:00:00,Euro Cheque deposit,3.00,false,Transfers
23965,CurrentAccount,EUR,2019-02-14 12:00:00,Salary Credit,2.00,false,Salary or Wages (Main)
23966,CurrentAccount,EUR,2019-02-14 12:00:00,Cheque # 172365,10.00,true,Cash
23967,CurrentAccount,EUR,2019-02-14 12:00:00,IB transfer,12.00,false,Transfers
23968,CurrentAccount,EUR,2019-02-14 12:00:00,IB transfer,10.00,false,Transfers
23969,CurrentAccount,EUR,2019-02-14 12:00:00,Monthly Interset,12.00,false,Transfers
23970,CurrentAccount,EUR,2019-02-14 12:00:00,Unplanned O/D,12.00,true,Bank charges
23971,CurrentAccount,EUR,2019-02-14 12:00:00,Salary Credit,20.00,false,Salary or Wages (Main)
23972,CurrentAccount,EUR,2019-02-15 12:00:00,CR1,200.00,false,Rental income (whole property)
23973,CurrentAccount,EUR,2019-02-15 12:00:00,Savings,485.00,true,Saving (general)
23974,CurrentAccount,EUR,2019-02-15 12:00:00,Grocery,6.00,true,"Food, Groceries, Household"
23976,CurrentAccount,EUR,2019-02-15 12:00:00,Credited ,15.00,false,Transfers
23977,CurrentAccount,EUR,2019-02-15 12:00:00,Credited ,12.00,false,Transfers
23978,CurrentAccount,EUR,2019-02-15 12:00:00,Credited ,10.00,false,Transfers
23979,CurrentAccount,EUR,2019-02-15 12:00:00,Cheque,2.00,false,Transfers
23981,CurrentAccount,EUR,2019-02-15 12:00:00,Monthly Interset,6.00,false,Transfers
23982,CurrentAccount,EUR,2019-02-15 12:00:00,IB transfer,5.00,false,Transfers
23984,CurrentAccount,EUR,2019-02-15 12:00:00,Money Transfer,4.00,false,Transfers
23985,CurrentAccount,EUR,2019-02-15 12:00:00,Correction by bank,12.00,true,Cash
23988,CurrentAccount,EUR,2019-02-15 12:00:00,Euro Cheque deposit,3.00,false,Transfers
23989,CurrentAccount,EUR,2019-02-15 12:00:00,Salary Credit,2.00,false,Salary or Wages (Main)
23990,CurrentAccount,EUR,2019-02-15 12:00:00,Cheque # 172365,10.00,true,Cash
23991,CurrentAccount,EUR,2019-02-15 12:00:00,IB transfer,12.00,false,Transfers
23992,CurrentAccount,EUR,2019-02-15 12:00:00,IB transfer,10.00,false,Transfers
23993,CurrentAccount,EUR,2019-02-15 12:00:00,Monthly Interset,12.00,false,Transfers
23994,CurrentAccount,EUR,2019-02-15 12:00:00,Unplanned O/D,12.00,true,Bank charges
23995,CurrentAccount,EUR,2019-02-15 12:00:00,Salary Credit,20.00,false,Salary or Wages (Main)
23996,CurrentAccount,EUR,2019-02-15 12:00:00,Savings,25.00,false,Savings (general)
23997,CurrentAccount,EUR,2019-08-30 12:00:00,EASY SAVER,1.00,true,Transfers
23998,CurrentAccount,EUR,2019-08-30 12:00:00,YAMINRE19,19.00,true,Transfers
23999,CurrentAccount,EUR,2019-08-30 12:00:00,YAMINRE18,18.00,true,Transfers
24000,CurrentAccount,EUR,2019-08-30 12:00:00,YAMINRE17,17.00,true,Transfers
24001,CurrentAccount,EUR,2019-08-30 12:00:00,YAMINRE16,16.00,true,Transfers
24002,CurrentAccount,EUR,2019-08-30 12:00:00,YAMINRE15,15.00,true,Transfers
24003,CurrentAccount,EUR,2019-08-30 12:00:00,YAMINRE14,14.00,true,Transfers
24004,CurrentAccount,EUR,2019-08-30 12:00:00,YAMINRE13,13.00,true,Transfers
24005,CurrentAccount,EUR,2019-08-30 12:00:00,YAMINRE12,12.00,true,Transfers
24006,CurrentAccount,EUR,2019-08-30 12:00:00,YAMINRE11,11.00,true,Transfers
24007,CurrentAccount,EUR,2019-08-30 12:00:00,YAMINRE10,10.00,true,Transfers
24008,CurrentAccount,EUR,2019-08-30 12:00:00,GEICO9,9.00,true,Transfers
24009,CurrentAccount,EUR,2019-08-30 12:00:00,GEICO8,8.00,true,Transfers
24010,CurrentAccount,EUR,2019-08-30 12:00:00,GEICO7,7.00,true,Transfers
24011,CurrentAccount,EUR,2019-08-30 12:00:00,GEICO6,6.00,true,Transfers
24012,CurrentAccount,EUR,2019-08-30 12:00:00,GEICO5,5.00,true,Transfers
24013,CurrentAccount,EUR,2019-08-30 12:00:00,GEICO4,4.00,true,Transfers
24014,CurrentAccount,EUR,2019-08-30 12:00:00,GEICO3,3.00,true,Transfers
24015,CurrentAccount,EUR,2019-08-30 12:00:00,GEICO2,2.00,true,Transfers
24016,CurrentAccount,EUR,2019-08-30 12:00:00,GEICO1,1.00,true,Transfers
24017,Savings,EUR,2019-01-17 12:00:00,Salary Credit,250.00,false,Salary or Wages (Main)
24018,Savings,EUR,2019-01-18 12:00:00,Unplanned O/D,300.00,false,Bank charges
24020,Savings,EUR,2019-01-20 12:00:00,Monthly Interset,25.00,true,Mobile
24021,Savings,EUR,2019-01-21 12:00:00,IB transfer,2.00,false,Transfers
24022,Savings,EUR,2019-01-22 12:00:00,IB transfer,75.00,false,Transfers
24023,Savings,EUR,2019-01-23 12:00:00,IB transfer,20.00,true,Transfers
24024,Savings,EUR,2019-01-24 12:00:00,Cheque # 172365,22.00,false,Transfers
24025,Savings,EUR,2019-01-25 12:00:00,Salary Credit,33.00,false,Salary or Wages (Main)
24026,Savings,EUR,2019-01-26 12:00:00,Euro Cheque deposit,200.00,false,Transfers
24029,Savings,EUR,2019-01-29 12:00:00,Correction by bank,195.00,false,Cash
24030,Savings,EUR,2019-01-30 12:00:00,Money Transfer,17.00,false,Transfers
24032,Savings,EUR,2019-02-01 12:00:00,IB transfer,2.00,false,Transfers
24033,Savings,EUR,2019-02-02 12:00:00,Monthly Interset,55.00,false,Transfers
24035,Savings,EUR,2019-02-04 12:00:00,Cheque # 172365,16.00,false,Transfers
24036,Savings,EUR,2019-02-05 12:00:00,Credited ,2.00,false,Transfers
24037,Savings,EUR,2019-02-06 12:00:00,Credited ,9.00,false,Transfers
24038,Savings,EUR,2019-02-07 12:00:00,Credited ,70.00,false,Transfers
24040,Savings,EUR,2019-02-09 12:00:00,Grocery,6.00,false,"Food, Groceries, Household"
24041,Savings,EUR,2019-02-10 12:00:00,Savings,534.00,true,Saving (general)
24042,Savings,EUR,2019-02-11 12:00:00,Salary Credit,250.00,false,Salary or Wages (Main)
24043,Savings,EUR,2019-02-12 12:00:00,Unplanned O/D,300.00,false,Bank charges
24045,Savings,EUR,2019-02-14 12:00:00,Monthly Interset,25.00,true,Mobile
24046,Savings,EUR,2019-02-15 12:00:00,IB transfer,2.00,false,Transfers
24047,Savings,EUR,2019-02-16 12:00:00,IB transfer,75.00,false,Transfers
24048,Savings,EUR,2019-02-17 12:00:00,IB transfer,20.00,true,Transfers
24049,Savings,EUR,2019-02-18 12:00:00,Cheque # 172365,22.00,false,Transfers
24050,Savings,EUR,2019-02-19 12:00:00,Salary Credit,33.00,false,Salary or Wages (Main)
24051,Savings,EUR,2019-02-20 12:00:00,Euro Cheque deposit,200.00,false,Transfers
24054,Savings,EUR,2019-02-23 12:00:00,Correction by bank,195.00,false,Cash
24055,Savings,EUR,2019-02-24 12:00:00,Money Transfer,17.00,false,Transfers
24057,Savings,EUR,2019-02-26 12:00:00,IB transfer,2.00,false,Transfers
24058,Savings,EUR,2019-02-27 12:00:00,Monthly Interset,55.00,false,Transfers
24059,Savings,EUR,2019-02-28 12:00:00,Cheque # 172365,16.00,false,Transfers
24061,Savings,EUR,2019-03-01 12:00:00,Credited ,2.00,false,Transfers
24062,Savings,EUR,2019-03-02 12:00:00,Credited ,9.00,false,Transfers
24063,Savings,EUR,2019-03-03 12:00:00,Credited ,70.00,false,Transfers
24065,Savings,EUR,2019-03-05 12:00:00,Grocery,6.00,false,"Food, Groceries, Household"
24066,Savings,EUR,2019-03-06 12:00:00,Savings,1220.00,true,Saving (general)
24067,Savings,EUR,2019-03-07 12:00:00,Salary Credit,12.00,false,Salary or Wages (Main)
24068,Savings,EUR,2019-03-08 12:00:00,Unplanned O/D,30.00,false,Bank charges
24070,Savings,EUR,2019-03-10 12:00:00,Monthly Interset,25.00,true,Mobile
24071,Savings,EUR,2019-03-11 12:00:00,IB transfer,2.00,false,Transfers
24072,Savings,EUR,2019-03-12 12:00:00,IB transfer,75.00,false,Transfers
24073,Savings,EUR,2019-03-13 12:00:00,IB transfer,20.00,true,Transfers
24074,Savings,EUR,2019-03-14 12:00:00,Cheque # 172365,22.00,false,Transfers
24075,Savings,EUR,2019-03-15 12:00:00,Salary Credit,33.00,false,Salary or Wages (Main)
24076,Savings,EUR,2019-03-16 12:00:00,Euro Cheque deposit,20.00,false,Transfers
24079,Savings,EUR,2019-03-19 12:00:00,Correction by bank,15.00,false,Cash
24080,Savings,EUR,2019-03-20 12:00:00,Money Transfer,17.00,false,Transfers
24082,Savings,EUR,2019-03-22 12:00:00,IB transfer,2.00,false,Transfers
24083,Savings,EUR,2019-03-23 12:00:00,Monthly Interset,55.00,false,Transfers
24085,Savings,EUR,2019-03-25 12:00:00,Cheque # 172365,16.00,false,Transfers
24086,Savings,EUR,2019-03-26 12:00:00,Credited ,2.00,false,Transfers
24087,Savings,EUR,2019-03-27 12:00:00,Credited ,9.00,false,Transfers
24088,Savings,EUR,2019-03-28 12:00:00,Credited ,70.00,false,Transfers
24090,Savings,EUR,2019-03-30 12:00:00,Grocery,6.00,false,"Food, Groceries, Household"
24091,Savings,EUR,2019-03-31 12:00:00,Savings,1200.00,true,Saving (general)
24092,Savings,EUR,2019-04-01 12:00:00,Salary Credit,12.00,false,Salary or Wages (Main)
24093,Savings,EUR,2019-04-02 12:00:00,Unplanned O/D,30.00,false,Bank charges
24095,Savings,EUR,2019-04-04 12:00:00,Monthly Interset,25.00,true,Mobile
24096,Savings,EUR,2019-04-05 12:00:00,IB transfer,2.00,false,Transfers
24097,Savings,EUR,2019-04-06 12:00:00,IB transfer,75.00,false,Transfers
24098,Savings,EUR,2019-04-07 12:00:00,IB transfer,20.00,true,Transfers
24099,Savings,EUR,2019-04-08 12:00:00,Cheque # 172365,22.00,false,Transfers
24100,Savings,EUR,2019-04-09 12:00:00,Salary Credit,33.00,false,Salary or Wages (Main)
24101,Savings,EUR,2019-04-10 12:00:00,Euro Cheque deposit,20.00,false,Transfers
24104,Savings,EUR,2019-04-13 12:00:00,Correction by bank,15.00,false,Cash
24105,Savings,EUR,2019-04-14 12:00:00,Money Transfer,17.00,false,Transfers
24107,Savings,EUR,2019-04-16 12:00:00,IB transfer,2.00,false,Transfers
24108,Savings,EUR,2019-04-17 12:00:00,Monthly Interset,55.00,false,Transfers
24110,Savings,EUR,2019-04-19 12:00:00,Cheque # 172365,16.00,false,Transfers
24111,Savings,EUR,2019-04-20 12:00:00,Credited ,2.00,false,Transfers
24112,Savings,EUR,2019-04-21 12:00:00,Credited ,9.00,false,Transfers
24113,Savings,EUR,2019-04-22 12:00:00,Credited ,70.00,false,Transfers
24115,Savings,EUR,2019-04-24 12:00:00,Grocery,6.00,false,"Food, Groceries, Household"
24116,Savings,EUR,2019-04-25 12:00:00,Savings,320.00,true,Saving (general)
24117,Savings,EUR,2019-04-26 12:00:00,Salary Credit,12.00,false,Salary or Wages (Main)
24118,Savings,EUR,2019-04-27 12:00:00,Unplanned O/D,30.00,false,Bank charges
24120,Savings,EUR,2019-04-29 12:00:00,Monthly Interset,25.00,true,Mobile
24121,Savings,EUR,2019-04-30 12:00:00,IB transfer,2.00,false,Transfers
24122,Savings,EUR,2019-05-01 12:00:00,IB transfer,75.00,false,Transfers
24123,Savings,EUR,2019-05-02 12:00:00,IB transfer,20.00,true,Transfers
24124,Savings,EUR,2019-05-03 12:00:00,Cheque # 172365,22.00,false,Transfers
24125,Savings,EUR,2019-05-04 12:00:00,Salary Credit,33.00,false,Salary or Wages (Main)
24126,Savings,EUR,2019-05-05 12:00:00,Euro Cheque deposit,20.00,false,Transfers
24129,Savings,EUR,2019-05-08 12:00:00,Correction by bank,15.00,false,Cash
24130,Savings,EUR,2019-05-09 12:00:00,Money Transfer,17.00,false,Transfers
24132,Savings,EUR,2019-05-11 12:00:00,IB transfer,2.00,false,Transfers
24133,Savings,EUR,2019-05-12 12:00:00,Monthly Interset,55.00,false,Transfers
24135,Savings,EUR,2019-05-14 12:00:00,Cheque # 172365,16.00,false,Transfers
24136,Savings,EUR,2019-05-15 12:00:00,Credited ,2.00,false,Transfers
24137,Savings,EUR,2019-05-16 12:00:00,Credited ,9.00,false,Transfers
24138,Savings,EUR,2019-05-17 12:00:00,Credited ,70.00,false,Transfers
24140,Savings,EUR,2019-05-19 12:00:00,Grocery,6.00,false,"Food, Groceries, Household"
24141,Savings,EUR,2019-05-20 12:00:00,Savings,230.00,true,Saving (general)
24142,Savings,EUR,2019-05-21 12:00:00,Salary Credit,12.00,false,Salary or Wages (Main)
24143,Savings,EUR,2019-05-22 12:00:00,Unplanned O/D,30.00,false,Bank charges
24145,Savings,EUR,2019-05-24 12:00:00,Monthly Interset,25.00,true,Mobile
24146,Savings,EUR,2019-05-25 12:00:00,IB transfer,2.00,false,Transfers
24147,Savings,EUR,2019-05-26 12:00:00,IB transfer,75.00,false,Transfers
24148,Savings,EUR,2019-05-27 12:00:00,IB transfer,20.00,true,Transfers
24149,Savings,EUR,2019-05-28 12:00:00,Cheque # 172365,22.00,false,Transfers
24150,Savings,EUR,2019-05-29 12:00:00,Salary Credit,33.00,false,Salary or Wages (Main)
24151,Savings,EUR,2019-05-30 12:00:00,Euro Cheque deposit,20.00,false,Transfers
24154,Savings,EUR,2019-06-02 12:00:00,Correction by bank,15.00,false,Cash
24155,Savings,EUR,2019-06-03 12:00:00,Money Transfer,17.00,false,Transfers
24157,Savings,EUR,2019-06-05 12:00:00,IB transfer,2.00,false,Transfers
24158,Savings,EUR,2019-06-06 12:00:00,Monthly Interset,55.00,false,Transfers
24160,Savings,EUR,2019-06-08 12:00:00,Cheque # 172365,16.00,false,Transfers
24161,Savings,EUR,2019-06-09 12:00:00,Credited ,2.00,false,Transfers
24162,Savings,EUR,2019-06-10 12:00:00,Credited ,9.00,false,Transfers
24163,Savings,EUR,2019-06-11 12:00:00,Credited ,70.00,false,Transfers
24165,Savings,EUR,2019-06-13 12:00:00,Grocery,6.00,false,"Food, Groceries, Household"
24166,Savings,EUR,2019-06-14 12:00:00,Savings,1178.00,true,Saving (general)
24167,Savings,EUR,2019-09-04 12:00:00,FEE,100.00,false,Transfers
24168,CreditCard,EUR,2019-03-04 12:00:00,INTEREST,29.86,true,Interest charges
24169,CreditCard,EUR,2019-03-29 12:00:00,DIRECT DEBIT PAYMENT - THANK YOU,77.67,false,Credit Card
24170,CreditCard,EUR,2019-04-04 12:00:00,INTEREST,32.20,true,Interest charges
24171,CreditCard,EUR,2019-07-11 12:00:00,SALE,10.00,true,Transfers
24172,CreditCard,EUR,2019-07-11 12:00:00,PAYMENT RECEIVED - THANK YOU,10.00,false,Credit Card
24173,CreditCard,EUR,2019-07-11 12:00:00,PAYMENT RECEIVED - THANK YOU,10.00,false,Credit Card
24174,CreditCard,EUR,2019-07-11 12:00:00,SALE,10.00,true,Transfers
24175,CreditCard,EUR,2019-07-11 12:00:00,PAYMENT RECEIVED - THANK YOU,10.00,false,Credit Card
24176,CreditCard,EUR,2019-07-11 12:00:00,SALE,10.00,true,Transfers
24177,CreditCard,EUR,2019-07-11 12:00:00,PAYMENT RECEIVED - THANK YOU,10.00,false,Credit Card
24178,CreditCard,EUR,2019-07-11 12:00:00,SALE,10.00,true,Transfers
24179,CreditCard,EUR,2019-07-11 12:00:00,SALE,10.00,true,Transfers
24180,CreditCard,EUR,2019-07-11 12:00:00,SALE,10.00,true,Transfers
24181,CreditCard,EUR,2019-07-11 12:00:00,SALE,20.00,true,Transfers
24182,CreditCard,EUR,2019-07-11 12:00:00,PAYMENT RECEIVED - THANK YOU,10.00,false,Credit Card
24183,CreditCard,EUR,2019-07-11 12:00:00,SALE,10.00,true,Transfers
